PassengerId,Pclass,Name,Sex,Age,SibSp,Parch,Ticket,Fare,Cabin,Embarked,prediction,probability
1306,1,"Oliva y Ocana, Dona. Fermina",female,39.0,0,0,PC 17758,108.9,C105,C,1,0.9869810550147942
1277,2,"Herman, Miss. Kate",female,24.0,1,2,220845,65.0,,S,1,0.984444846863992
936,1,"Kimball, Mrs. Edwin Nelson Jr (Gertrude Parsons)",female,45.0,1,0,11753,52.5542,D19,S,1,0.9843185684728291
1266,1,"Dodge, Mrs. Washington (Ruth Vidaver)",female,54.0,1,1,33638,81.8583,A34,S,1,0.9842194636873145
1256,1,"Harder, Mrs. George Achilles (Dorothy Annan)",female,25.0,1,0,11765,55.4417,E50,C,1,0.983809694891692
1042,1,"Earnshaw, Mrs. Boulton (Olive Potter)",female,23.0,0,1,11767,83.1583,C54,C,1,0.9834684925129731
1131,1,"Douglas, Mrs. Walter Donald (Mahala Dutton)",female,48.0,1,0,PC 17761,106.425,C86,C,1,0.98340050982273
1222,2,"Davies, Mrs. John Morgan (Elizabeth Agnes Mary White) ",female,48.0,0,2,C.A. 33112,36.75,,S,1,0.9831056737077044
1004,1,"Evans, Miss. Edith Corse",female,36.0,0,0,PC 17531,31.6792,A29,C,1,0.9824802989437176
1289,1,"Frolicher-Stehli, Mrs. Maxmillian (Margaretha Emerentia Stehli)",female,48.0,1,1,13567,79.2,B41,C,1,0.9824165332390875
1303,1,"Minahan, Mrs. William Edward (Lillian E Thorpe)",female,37.0,1,0,19928,90.0,C78,Q,1,0.9823138188926754
1242,1,"Greenfield, Mrs. Leo David (Blanche Strouse)",female,45.0,0,1,PC 17759,63.3583,D10 D12,C,1,0.9818114403067502
1074,1,"Marvin, Mrs. Daniel Warner (Mary Graham Carmichael Farquarson)",female,18.0,1,0,113773,53.1,D30,S,1,0.980777249701763
1095,2,"Quick, Miss. Winifred Vera",female,8.0,1,1,26360,26.0,,S,1,0.9807321378165571
1067,2,"Brown, Miss. Edith Eileen",female,15.0,0,2,29750,39.0,,S,1,0.9803590866726747
1142,2,"West, Miss. Barbara J",female,0.92,1,2,C.A. 34651,27.75,,S,1,0.9802762431304244
944,2,"Hocking, Miss. Ellen Nellie""""",female,20.0,2,1,29105,23.0,,S,1,0.9801677371186607
1263,1,"Wilson, Miss. Helen Alice",female,31.0,0,0,16966,134.5,E39 E41,C,1,0.9799975795052633
916,1,"Ryerson, Mrs. Arthur Larned (Emily Maria Borie)",female,48.0,1,3,PC 17608,262.375,B57 B59 B63 B66,C,1,0.9796842246922163
1033,1,"Daniels, Miss. Sarah",female,33.0,0,0,113781,151.55,,S,1,0.9794253609282352
1267,1,"Bowen, Miss. Grace Scott",female,45.0,0,0,PC 17608,262.375,,C,1,0.9793535214819813
1294,1,"Gibson, Miss. Dorothy Winifred",female,22.0,0,1,112378,59.4,,C,1,0.9792984192635155
1292,1,"Bonnell, Miss. Caroline",female,30.0,0,0,36928,164.8667,C7,S,1,0.9791310184906445
1206,1,"White, Mrs. John Stuart (Ella Holmes)",female,55.0,0,0,PC 17760,135.6333,C32,C,1,0.9791160145374211
906,1,"Chaffee, Mrs. Herbert Fuller (Carrie Constance Toogood)",female,47.0,1,0,W.E.P. 5734,61.175,E31,S,1,0.9790438389115111
904,1,"Snyder, Mrs. John Pillsbury (Nelle Stevenson)",female,23.0,1,0,21228,82.2667,B45,S,1,0.9790180416308866
1287,1,"Smith, Mrs. Lucien Philip (Mary Eloise Hughes)",female,18.0,1,0,13695,60.0,C31,S,1,0.9787162479904079
918,1,"Ostby, Miss. Helene Ragnhild",female,22.0,0,1,113509,61.9792,B36,C,1,0.9786916971041016
1100,1,"Rosenbaum, Miss. Edith Louise",female,33.0,0,0,PC 17613,27.7208,A11,C,1,0.978099970079705
1154,2,"Wells, Mrs. Arthur Henry (Addie"" Dart Trevaskis)""",female,29.0,0,2,29103,23.0,,S,1,0.9780085286655216
966,1,"Geiger, Miss. Amalie",female,35.0,0,0,113503,211.5,C130,C,1,0.9779568900955243
984,1,"Davidson, Mrs. Thornton (Orian Hays)",female,27.0,1,2,F.C. 12750,52.0,B71,S,1,0.9779480342088109
1070,2,"Becker, Mrs. Allen Oliver (Nellie E Baumgardner)",female,36.0,0,3,230136,39.0,F4,S,1,0.9775547714298539
1014,1,"Schabert, Mrs. Paul (Emma Mock)",female,35.0,1,0,13236,57.75,C28,C,1,0.9775527791671276
1130,2,"Hiltunen, Miss. Marta",female,18.0,1,1,250650,13.0,,S,1,0.9772960779296601
1260,1,"Gibson, Mrs. Leonard (Pauline C Boeson)",female,45.0,0,1,112378,59.4,,C,1,0.9769758077254969
1241,2,"Walcroft, Miss. Nellie",female,31.0,0,0,F.C.C. 13528,21.0,,S,1,0.9768418613096339
1216,1,"Kreuchen, Miss. Emilie",female,39.0,0,0,24160,211.3375,,S,1,0.9768315818483152
992,1,"Stengel, Mrs. Charles Emil Henry (Annie May Morris)",female,43.0,1,0,11778,55.4417,C116,C,1,0.976370782313182
1048,1,"Bird, Miss. Ellen",female,29.0,0,0,PC 17483,221.7792,C97,S,1,0.9761343319721374
951,1,"Chaudanson, Miss. Victorine",female,36.0,0,0,PC 17608,262.375,B61,C,1,0.9750801220810092
988,1,"Cavendish, Mrs. Tyrell William (Julia Florence Siegel)",female,76.0,1,0,19877,78.85,C46,S,1,0.975002332315854
1133,2,"Christy, Mrs. (Alice Frances)",female,45.0,0,2,237789,30.0,,S,1,0.9747688491494597
1253,2,"Mallet, Mrs. Albert (Antoinette Magnin)",female,24.0,1,1,S.C./PARIS 2079,37.0042,,C,1,0.9747357897226414
1218,2,"Becker, Miss. Ruth Elizabeth",female,12.0,2,1,230136,39.0,F4,S,1,0.9747332669539781
945,1,"Fortune, Miss. Ethel Flora",female,28.0,3,2,19950,263.0,C23 C25 C27,S,1,0.9745231082519553
1150,2,"Bentham, Miss. Lilian W",female,19.0,0,0,28404,13.0,,S,1,0.9742292172698083
1078,2,"Phillips, Miss. Alice Frances Louisa",female,21.0,0,1,S.O./P.P. 2,21.0,,S,1,0.973616455073894
1254,2,"Ware, Mrs. John James (Florence Louise Long)",female,31.0,0,0,CA 31352,21.0,,S,1,0.9734975445527008
935,2,"Corbett, Mrs. Walter H (Irene Colvin)",female,30.0,0,0,237249,13.0,,S,1,0.9731597605188318
1076,1,"Douglas, Mrs. Frederick Charles (Mary Helene Baxter)",female,27.0,1,1,PC 17558,247.5208,B58 B60,C,1,0.9726750974092652
1114,2,"Cook, Mrs. (Selena Rogers)",female,22.0,0,0,W./C. 14266,10.5,F33,S,1,0.9723056576461492
969,1,"Cornell, Mrs. Robert Clifford (Malvina Helen Lamson)",female,55.0,2,0,11770,25.7,C101,S,1,0.9721143005905336
957,2,"Corey, Mrs. Percy C (Mary Phyllis Elizabeth Miller)",female,,0,0,F.C.C. 13534,21.0,,S,1,0.9720948913377976
1138,2,"Karnes, Mrs. J Frank (Claire Bennett)",female,22.0,0,0,F.C.C. 13534,21.0,,S,1,0.9718429516525585
1188,2,"Laroche, Miss. Louise",female,1.0,1,2,SC/Paris 2123,41.5792,,C,1,0.9717243448727828
940,1,"Bucknell, Mrs. William Robert (Emma Eliza Ward)",female,60.0,0,0,11813,76.2917,D15,C,1,0.971719801473648
1167,2,"Bryhl, Miss. Dagmar Jenny Ingeborg ",female,20.0,1,0,236853,26.0,,S,1,0.9716848877274863
1248,1,"Brown, Mrs. John Murray (Caroline Lane Lamson)",female,59.0,2,0,11769,51.4792,C101,S,1,0.9713919476631935
907,2,"del Carlo, Mrs. Sebastiano (Argenia Genovesi)",female,24.0,1,0,SC/PARIS 2167,27.7208,,C,1,0.9712647254299078
1011,2,"Chapman, Mrs. John Henry (Sara Elizabeth Lawry)",female,29.0,1,0,SC/AH 29037,26.0,,S,1,0.9702550571838182
1054,2,"Wright, Miss. Marion",female,26.0,0,0,220844,13.5,,S,1,0.970118878969707
1283,1,"Lines, Mrs. Ernest H (Elizabeth Lindsey James)",female,51.0,0,1,PC 17592,39.4,D28,S,1,0.9697413234982799
1123,1,"Willard, Miss. Constance",female,21.0,0,0,113795,26.55,,S,1,0.9691879002292453
1110,1,"Widener, Mrs. George Dunton (Eleanor Elkins)",female,50.0,1,1,113503,211.5,C80,C,1,0.9684261220136741
1060,1,"Cassebeer, Mrs. Henry Arthur Jr (Eleanor Genevieve Fosdick)",female,,0,0,17770,27.7208,,C,1,0.9637976431353562
1164,1,"Clark, Mrs. Walter Miller (Virginia McDowell)",female,26.0,1,0,13508,136.7792,C89,C,1,0.9626629642994535
1071,1,"Compton, Mrs. Alexander Taylor (Mary Eliza Ingersoll)",female,64.0,0,2,PC 17756,83.1583,E45,C,1,0.9625063640712067
1068,2,"Sincock, Miss. Maude",female,20.0,0,0,C.A. 33112,36.75,,S,1,0.9624162810246706
1006,1,"Straus, Mrs. Isidor (Rosalie Ida Blun)",female,63.0,1,0,PC 17483,221.7792,C55 C57,S,1,0.9610096404977405
1012,2,"Watt, Miss. Bertha J",female,12.0,0,0,C.A. 33595,15.75,,S,1,0.9605885462372199
1140,2,"Hold, Mrs. Stephen (Annie Margaret Hill)",female,29.0,1,0,26707,26.0,,S,1,0.9586998398493727
1112,2,"Duran y More, Miss. Florentina",female,30.0,1,0,SC/PARIS 2148,13.8583,,C,1,0.9577477277507594
1116,1,"Candee, Mrs. Edward (Helen Churchill Hungerford)",female,53.0,0,0,PC 17606,27.4458,,C,1,0.957246163359071
1197,1,"Crosby, Mrs. Edward Gifford (Catherine Elizabeth Halstead)",female,64.0,1,1,112901,26.55,B26,S,1,0.9526201557089268
961,1,"Fortune, Mrs. Mark (Mary McDougald)",female,60.0,1,4,19950,263.0,C23 C25 C27,S,1,0.9519078218616389
1132,1,"Lindstrom, Mrs. Carl Johan (Sigrid Posse)",female,55.0,0,0,112377,27.7208,,C,1,0.9516616692975332
1105,2,"Howard, Mrs. Benjamin (Ellen Truelove Arman)",female,60.0,1,0,24065,26.0,,S,1,0.9464570559960309
914,1,"Flegenheim, Mrs. Alfred (Antoinette)",female,,0,0,PC 17598,31.6833,,S,1,0.9437603610466145
981,2,"Wells, Master. Ralph Lester",male,2.0,1,1,29103,23.0,,S,1,0.93032166375305
1235,1,"Cardeza, Mrs. James Warburton Martinez (Charlotte Wardle Drake)",female,58.0,0,1,PC 17755,512.3292,B51 B53 B55,C,1,0.9198180053207091
1086,2,"Drew, Master. Marshall Brines",male,8.0,0,2,28220,32.5,,S,1,0.9015797691488339
1137,1,"Kenyon, Mr. Frederick R",male,41.0,1,0,17464,51.8625,D21,S,1,0.8816971019554236
942,1,"Smith, Mr. Lucien Philip",male,24.0,1,0,13695,60.0,C31,S,1,0.8695465183036917
965,1,"Ovies y Rodriguez, Mr. Servando",male,28.5,0,0,PC 17562,27.7208,D43,C,1,0.8627483886551645
960,1,"Tucker, Mr. Gilbert Milligan Jr",male,31.0,0,0,2543,28.5375,C53,C,1,0.8422340678929855
1069,1,"Stengel, Mr. Charles Emil Henry",male,54.0,1,0,11778,55.4417,C116,C,1,0.8387323525518487
926,1,"Mock, Mr. Philipp Edmund",male,30.0,1,0,13236,57.75,C78,C,1,0.8365634599659872
1117,3,"Moubarek, Mrs. George (Omine Amenia"" Alexander)""",female,,0,2,2661,15.2458,,C,1,0.8363901205206659
1173,3,"Peacock, Master. Alfred Edward",male,0.75,1,1,SOTON/O.Q. 3101315,13.775,,S,1,0.829698527919497
1301,3,"Peacock, Miss. Treasteall",female,3.0,1,1,SOTON/O.Q. 3101315,13.775,,S,1,0.8289013504403614
1092,3,"Murphy, Miss. Nora",female,,0,0,36568,15.5,,Q,1,0.8184987691319575
1300,3,"Riordan, Miss. Johanna Hannah""""",female,,0,0,334915,7.7208,,Q,1,0.8177406885364039
1296,1,"Frauenthal, Mr. Isaac Gerald",male,43.0,1,0,17765,27.7208,D40,C,1,0.817269812877683
1282,1,"Payne, Mr. Vivian Ponsonby",male,23.0,0,0,12749,93.5,B24,S,1,0.8161628245972626
900,3,"Abrahim, Mrs. Joseph (Sophie Halaut Easu)",female,18.0,0,0,2657,7.2292,,C,1,0.8135978980593561
1073,1,"Compton, Mr. Alexander Taylor Jr",male,37.0,1,1,PC 17756,83.1583,E52,C,1,0.8082275580063575
1165,3,"Lennon, Miss. Mary",female,,1,0,370371,15.5,,Q,1,0.8068163528738342
1088,1,"Spedden, Master. Robert Douglas",male,6.0,0,2,16966,134.5,E34,C,1,0.8054294878781193
1196,3,"McCarthy, Miss. Catherine Katie""""",female,,0,0,383123,7.75,,Q,1,0.8038661506723186
1302,3,"Naughton, Miss. Hannah",female,,0,0,365237,7.75,,Q,1,0.7992272738015174
1144,1,"Clark, Mr. Walter Miller",male,27.0,1,0,13508,136.7792,C89,C,1,0.7958753343339937
1179,1,"Snyder, Mr. John Pillsbury",male,24.0,1,0,21228,82.2667,B45,S,1,0.7948896658867716
1174,3,"Fleming, Miss. Honora",female,,0,0,364859,7.75,,Q,1,0.793423923144865
1207,3,"Hagardon, Miss. Kate",female,17.0,0,0,AQ/3. 30631,7.7333,,Q,1,0.7848407608130771
1274,3,"Risien, Mrs. Samuel (Emma)",female,,0,0,364498,14.5,,S,1,0.7750914734722435
1108,3,"Mahon, Miss. Bridget Delia",female,,0,0,330924,7.8792,,Q,1,0.7739402713245177
1176,3,"Rosblom, Miss. Salli Helena",female,2.0,1,1,370129,20.2125,,S,1,0.7697736758137319
1141,3,"Khalil, Mrs. Betros (Zahie Maria"" Elias)""",female,,1,0,2660,14.4542,,C,1,0.769572959707688
1119,3,"McNeill, Miss. Bridget",female,,0,0,370368,7.75,,Q,1,0.7687303590757586
1200,1,"Hays, Mr. Charles Melville",male,55.0,1,1,12749,93.5,B69,S,1,0.7668874189542877
1094,1,"Astor, Col. John Jacob",male,47.0,1,0,PC 17757,227.525,C62 C64,C,1,0.762304908359197
1019,3,"McCoy, Miss. Alicia",female,,2,0,367226,23.25,,Q,1,0.7601829910359169
1052,3,"Smyth, Miss. Julia",female,,0,0,335432,7.7333,,Q,1,0.7592994742912215
1050,1,"Borebank, Mr. John James",male,42.0,0,0,110489,26.55,D22,S,1,0.7516327816014899
979,3,"Badman, Miss. Emily Louisa",female,18.0,0,0,A/4 31416,8.05,,S,1,0.7458413165014125
1155,3,"Klasen, Miss. Gertrud Emilia",female,1.0,1,1,350405,12.1833,,S,1,0.7448790714404717
938,1,"Chevre, Mr. Paul Romaine",male,45.0,0,0,PC 17594,29.7,A9,C,1,0.7438748391927018
1185,1,"Dodge, Dr. Washington",male,53.0,1,1,33638,81.8583,A34,S,1,0.7433235375129001
967,1,"Keeping, Mr. Edwin",male,32.5,0,0,113503,211.5,C132,C,1,0.7419310034283004
1275,3,"McNamee, Mrs. Neal (Eileen O'Leary)",female,19.0,1,0,376566,16.1,,S,1,0.7353496347085466
1246,3,"Dean, Miss. Elizabeth Gladys Millvina""""",female,0.17,1,2,C.A. 2315,20.575,,S,1,0.7251256235062774
980,3,"O'Donoghue, Ms. Bridget",female,,0,0,364856,7.75,,Q,1,0.7246691061314905
1003,3,"Shine, Miss. Ellen Natalia",female,,0,0,330968,7.7792,,Q,1,0.7220976710895237
1093,3,"Danbom, Master. Gilbert Sigvard Emanuel",male,0.33,0,2,347080,14.4,,S,1,0.7143374785977369
920,1,"Brady, Mr. John Bertram",male,41.0,0,0,113054,30.5,A21,S,1,0.7124060623638152
1199,3,"Aks, Master. Philip Frank",male,0.83,0,1,392091,9.35,,S,1,0.7100112878623984
1005,3,"Buckley, Miss. Katherine",female,18.5,0,0,329944,7.2833,,Q,1,0.6880363977655706
898,3,"Connolly, Miss. Kate",female,30.0,0,0,330972,7.6292,,Q,1,0.6876752667972398
1299,1,"Widener, Mr. George Dunton",male,50.0,1,1,113503,211.5,C80,C,1,0.6801138995715588
1247,1,"Julian, Mr. Henry Forbes",male,50.0,0,0,113044,26.0,E60,S,1,0.6737796323920587
1270,1,"Hipkins, Mr. William Edward",male,55.0,0,0,680,50.0,C39,S,1,0.6611366012574414
1223,1,"Dulles, Mr. William Crothers",male,39.0,0,0,PC 17580,29.7,A18,C,1,0.6508595544873943
973,1,"Straus, Mr. Isidor",male,67.0,1,0,PC 17483,221.7792,C55 C57,S,1,0.64505642040112
958,3,"Burns, Miss. Mary Delia",female,18.0,0,0,330963,7.8792,,Q,1,0.6401654611863897
1058,1,"Brandeis, Mr. Emil",male,48.0,0,0,PC 17591,50.4958,B10,C,1,0.6371186899265304
1023,1,"Gracie, Col. Archibald IV",male,53.0,0,0,113780,28.5,C51,C,1,0.6245538298214864
990,3,"Braf, Miss. Elin Ester Maria",female,20.0,0,0,347471,7.8542,,S,1,0.6129696294390521
928,3,"Roth, Miss. Sarah A",female,,0,0,342712,8.05,,S,1,0.6027965893507096
925,3,"Johnston, Mrs. Andrew G (Elizabeth Lily"" Watson)""",female,,1,2,W./C. 6607,23.45,,S,1,0.5985441118986162
1225,3,"Nakid, Mrs. Said (Waika Mary"" Mowad)""",female,19.0,1,1,2653,15.7417,,C,1,0.5974119466259173
924,3,"Dean, Mrs. Bertram (Eva Georgetta Light)",female,33.0,1,2,C.A. 2315,20.575,,S,1,0.5933090162464381
1160,3,"Howard, Miss. May Elizabeth",female,,0,0,A. 2. 39186,8.05,,S,1,0.5910071339662962
1183,3,"Daly, Miss. Margaret Marcella Maggie""""",female,30.0,0,0,382650,6.95,,Q,1,0.5862851236630475
1162,1,"McCaffry, Mr. Thomas Francis",male,46.0,0,0,13050,75.2417,C6,C,1,0.5860097982034587
1107,1,"Head, Mr. Christopher",male,42.0,0,0,113038,42.5,B11,S,1,0.5792401983363644
972,3,"Boulos, Master. Akar",male,6.0,1,1,2678,15.2458,,C,1,0.5751382939267472
978,3,"Barry, Miss. Julia",female,27.0,0,0,330844,7.8792,,Q,1,0.5728590872631665
1175,3,"Touma, Miss. Maria Youssef",female,9.0,1,1,2650,15.2458,,C,1,0.569832605943519
1091,3,"Rasmussen, Mrs. (Lena Jacobsen Solvang)",female,,0,0,65305,8.1125,,S,1,0.5684204387668274
1053,3,"Touma, Master. Georges Youssef",male,7.0,1,1,2650,15.2458,,C,1,0.5650934620464994
1061,3,"Hellstrom, Miss. Hilda Maria",female,22.0,0,0,7548,8.9625,,S,1,0.5586388996823051
1010,1,"Beattie, Mr. Thomson",male,36.0,0,0,13050,75.2417,C6,C,1,0.5583684824915207
1030,3,"Drapkin, Miss. Jennie",female,23.0,0,0,SOTON/OQ 392083,8.05,,S,1,0.5517436635498819
941,3,"Coutts, Mrs. William (Winnie Minnie"" Treanor)""",female,36.0,0,2,C.A. 37671,15.9,,S,1,0.5496144453015338
929,3,"Cacic, Miss. Manda",female,21.0,0,0,315087,8.6625,,S,1,0.5282475896723192
1251,3,"Lindell, Mrs. Edvard Bengtsson (Elin Gerda Persson)",female,30.0,1,0,349910,15.55,,S,1,0.5281094101859861
1089,3,"Nilsson, Miss. Berta Olivia",female,18.0,0,0,347066,7.775,,S,1,0.5261926515234052
955,3,"Bradley, Miss. Bridget Delia",female,22.0,0,0,334914,7.725,,Q,1,0.5257395007104746
1237,3,"Abelseth, Miss. Karen Marie",female,16.0,0,0,348125,7.65,,S,1,0.5225439492866562
1049,3,"Lundin, Miss. Olga Elida",female,23.0,0,0,347469,7.8542,,S,1,0.5196637857046607
982,3,"Dyker, Mrs. Adolf Fredrik (Anna Elisabeth Judith Andersson)",female,22.0,1,0,347072,13.9,,S,1,0.5162761978599486
996,3,"Thomas, Mrs. Alexander (Thamine Thelma"")""",female,16.0,1,1,2625,8.5167,,C,1,0.5123673606837771
1198,1,"Allison, Mr. Hudson Joshua Creighton",male,30.0,1,2,113781,151.55,C22 C26,S,1,0.5104478305250923
1009,3,"Sandstrom, Miss. Beatrice Irene",female,1.0,1,1,PP 9549,16.7,G6,S,1,0.5002867919023145
912,1,"Rothschild, Mr. Martin",male,55.0,1,0,PC 17603,59.4,,C,0,0.49666753541280306
971,3,"Doyle, Miss. Elizabeth",female,24.0,0,0,368702,7.75,,Q,0,0.48963214082356926
1001,2,"Swane, Mr. George",male,18.5,0,0,248734,13.0,F,S,0,0.4894696469660706
1034,1,"Ryerson, Mr. Arthur Larned",male,61.0,1,3,PC 17608,262.375,B57 B59 B63 B66,C,0,0.47799842731619574
1017,3,"Cribb, Miss. Laura Alice",female,17.0,0,1,371362,16.1,,S,0,0.47729619948973256
1045,3,"Klasen, Mrs. (Hulda Kristina Eugenia Lofqvist)",female,36.0,0,2,350405,12.1833,,S,0,0.47511363738189744
962,3,"Mulvihill, Miss. Bertha E",female,24.0,0,0,382653,7.75,,Q,0,0.4737900110584142
1128,1,"Warren, Mr. Frank Manley",male,64.0,1,0,110813,75.25,D37,C,0,0.46109998485258036
964,3,"Nieminen, Miss. Manta Josefina",female,29.0,0,0,3101297,7.925,,S,0,0.4593870611203505
913,3,"Olsen, Master. Artur Karl",male,9.0,0,1,C 17368,3.1708,,S,0,0.4572914023852806
956,1,"Ryerson, Master. John Borie",male,13.0,2,2,PC 17608,262.375,B57 B59 B63 B66,C,0,0.4447810239364786
1201,3,"Hansen, Mrs. Claus Peter (Jennie L Howard)",female,45.0,1,0,350026,14.1083,,S,0,0.4394852066571627
1098,3,"McGowan, Miss. Katherine",female,35.0,0,0,9232,7.75,,Q,0,0.4375704177306574
1297,2,"Nourney, Mr. Alfred (Baron von Drachstedt"")""",male,20.0,0,0,SC/PARIS 2166,13.8625,D38,C,0,0.430836362244123
896,3,"Hirvonen, Mrs. Alexander (Helga E Lindqvist)",female,22.0,1,1,3101298,12.2875,,S,0,0.42167095910226915
915,1,"Williams, Mr. Richard Norris II",male,21.0,0,1,PC 17597,61.3792,,C,0,0.41815229783746477
1109,1,"Wick, Mr. George Dennick",male,57.0,1,1,36928,164.8667,,S,0,0.4095666356188613
933,1,"Franklin, Mr. Thomas Parham",male,,0,0,113778,26.55,D34,S,0,0.40117400811369514
1134,1,"Spedden, Mr. Frederic Oakley",male,45.0,1,1,16966,134.5,E34,C,0,0.3984337519810993
1205,3,"Carr, Miss. Jeannie",female,37.0,0,0,368364,7.75,,Q,0,0.39699158983309224
1106,3,"Andersson, Miss. Ida Augusta Margareta",female,38.0,4,2,347091,7.775,,S,0,0.39128897804558044
1268,3,"Kink, Miss. Maria",female,22.0,2,0,315152,8.6625,,S,0,0.3903480642094887
931,3,"Hee, Mr. Ling",male,,0,0,1601,56.4958,,S,0,0.3859009728979197
1126,1,"Cumings, Mr. John Bradley",male,39.0,1,0,PC 17599,71.2833,C85,C,0,0.37854206355220005
1051,3,"Peacock, Mrs. Benjamin (Edith Nile)",female,26.0,0,2,SOTON/O.Q. 3101315,13.775,,S,0,0.37387027577371196
1208,1,"Spencer, Mr. William Augustus",male,57.0,1,0,PC 17569,146.5208,B78,C,0,0.36610225351812437
1245,2,"Herman, Mr. Samuel",male,49.0,1,2,220845,65.0,,S,0,0.35905106448163837
1259,3,"Riihivouri, Miss. Susanna Juhantytar Sanni""""",female,22.0,0,0,3101295,39.6875,,S,0,0.3452070987852838
1084,3,"van Billiard, Master. Walter John",male,11.5,1,1,A/5. 851,14.5,,S,0,0.32655665502354936
910,3,"Ilmakangas, Miss. Ida Livija",female,27.0,1,0,STON/O2. 3101270,7.925,,S,0,0.32110913187136686
1236,3,"van Billiard, Master. James William",male,,1,1,A/5. 851,14.5,,S,0,0.30089217330465634
911,3,"Assaf Khalil, Mrs. Mariana (Miriam"")""",female,45.0,0,0,2696,7.225,,C,0,0.28746410751965756
1172,3,"Oreskovic, Miss. Jelka",female,23.0,0,0,315085,8.6625,,S,0,0.28631673548684816
1057,3,"Kink-Heilmann, Mrs. Anton (Luise Heilmann)",female,26.0,1,1,315153,22.025,,S,0,0.28525186039307715
1264,1,"Ismay, Mr. Joseph Bruce",male,49.0,0,0,112058,0.0,B52 B54 B56,S,0,0.28269266010960653
1239,3,"Whabee, Mrs. George Joseph (Shawneene Abi-Saab)",female,38.0,0,0,2688,7.2292,,C,0,0.2458761684635617
1309,3,"Peter, Master. Michael J",male,,1,1,2668,22.3583,,C,0,0.24383554017825224
1219,1,"Rosenshine, Mr. George (Mr George Thorne"")""",male,46.0,0,0,PC 17585,79.2,,C,0,0.23983946772662645
1227,1,"Maguire, Mr. John Edward",male,30.0,0,0,110469,26.0,C106,S,0,0.23530606979783283
976,2,"Lamb, Mr. John Joseph",male,,0,0,240261,10.7083,,Q,0,0.2197534557680616
893,3,"Wilkes, Mrs. James (Ellen Needs)",female,47.0,1,0,363272,7.0,,S,0,0.21548716236948517
1193,2,"Malachard, Mr. Noel",male,,0,0,237735,15.0458,D,C,0,0.20349225595689993
1284,3,"Abbott, Master. Eugene Joseph",male,13.0,0,2,C.A. 2673,20.25,,S,0,0.18731166128754057
1258,3,"Caram, Mr. Joseph",male,,1,0,2689,14.4583,,C,0,0.1862133475535595
1139,2,"Drew, Mr. James Vivian",male,42.0,1,1,28220,32.5,,S,0,0.1809007801425204
1024,3,"Lefebre, Mrs. Frank (Frances)",female,,0,4,4133,25.4667,,S,0,0.17757267706343996
1304,3,"Henriksson, Miss. Jenny Lovisa",female,28.0,0,0,347086,7.775,,S,0,0.17417917256602125
1257,3,"Sage, Mrs. John (Annie Bullen)",female,,1,9,CA. 2343,69.55,,S,0,0.17409225632431585
949,3,"Abelseth, Mr. Olaus Jorgensen",male,25.0,0,0,348122,7.65,F G63,S,0,0.17294443678461316
1262,2,"Giles, Mr. Edgar",male,21.0,1,0,28133,11.5,,S,0,0.17060553051125277
1276,2,"Wheeler, Mr. Edwin Frederick""""",male,,0,0,SC/PARIS 2159,12.875,,S,0,0.1675669423065454
1085,2,"Lingane, Mr. John",male,61.0,0,0,235509,12.35,,Q,0,0.16478017716835
1261,2,"Pallas y Castello, Mr. Emilio",male,29.0,0,0,SC/PARIS 2147,13.8583,,C,0,0.1582571036741369
1215,1,"Rowe, Mr. Alfred G",male,33.0,0,0,113790,26.55,,S,0,0.15314589997354414
946,2,"Mangiavacchi, Mr. Serafino Emilio",male,,0,0,SC/A.3 2861,15.5792,,C,0,0.14197923704017437
1136,3,"Johnston, Master. William Arthur Willie""""",male,,1,2,W./C. 6607,23.45,,S,0,0.14070002118307248
1298,2,"Ware, Mr. William Jeffery",male,23.0,1,0,28666,10.5,,S,0,0.13955872067869293
1279,2,"Ashby, Mr. John",male,57.0,0,0,244346,13.0,,S,0,0.13800981294522535
1059,3,"Ford, Mr. Edward Watson",male,18.0,2,2,W./C. 6608,34.375,,S,0,0.1373982335229281
1269,2,"Cotterill, Mr. Henry Harry""""",male,21.0,0,0,29107,11.5,,S,0,0.13610419288165151
1214,2,"Nesson, Mr. Israel",male,26.0,0,0,244368,13.0,F2,S,0,0.13440743811134032
959,1,"Moore, Mr. Clarence Bloomfield",male,47.0,0,0,113796,42.4,,S,0,0.13389803849950338
977,3,"Khalil, Mr. Betros",male,,1,0,2660,14.4542,,C,0,0.13181618847171883
986,1,"Birnbaum, Mr. Jakob",male,25.0,0,0,13905,26.0,,C,0,0.13098876947757782
1265,2,"Harbeck, Mr. William H",male,44.0,0,0,248746,13.0,,S,0,0.13080113143788105
905,2,"Howard, Mr. Benjamin",male,63.0,1,0,24065,26.0,,S,0,0.1284538629754044
1190,1,"Loring, Mr. Joseph Holland",male,30.0,0,0,113801,45.5,,S,0,0.1277826988301988
1189,3,"Samaan, Mr. Hanna",male,,2,0,2662,21.6792,,C,0,0.12665493217584634
1122,2,"Sweet, Mr. George Frederick",male,14.0,0,0,220845,65.0,,S,0,0.12225413261193104
1040,1,"Crafton, Mr. John Bertram",male,,0,0,113791,26.55,,S,0,0.12095671565821209
1293,2,"Gale, Mr. Harry",male,38.0,1,0,28664,21.0,,S,0,0.1206891493591766
950,3,"Davison, Mr. Thomas Henry",male,,1,0,386525,16.1,,S,0,0.12011640560035233
1082,2,"Angle, Mr. William A",male,34.0,1,0,226875,26.0,,S,0,0.11980755296203287
1038,1,"Hilliard, Mr. Herbert Henry",male,,0,0,17463,51.8625,E46,S,0,0.11906366073215142
894,2,"Myles, Mr. Thomas Francis",male,62.0,0,0,240276,9.6875,,Q,0,0.1188140795501666
908,2,"Keane, Mr. Daniel",male,35.0,0,0,233734,12.35,,Q,0,0.11801529935483192
1182,1,"Rheims, Mr. George Alexander Lucien",male,,0,0,PC 17607,39.6,,S,0,0.11780986495407399
1228,2,"de Brito, Mr. Jose Joaquim",male,32.0,0,0,244360,13.0,,S,0,0.11754476120940763
921,3,"Samaan, Mr. Elias",male,,2,0,2662,21.6792,,C,0,0.11741899374062487
922,2,"Louch, Mr. Charles Alexander",male,50.0,1,0,SC/AH 3085,26.0,,S,0,0.11650514442569448
1180,3,"Mardirosian, Mr. Sarkis",male,,0,0,2655,7.2292,F E46,C,0,0.11645306169677709
1194,2,"Phillips, Mr. Escott Robert",male,43.0,0,1,S.O./P.P. 2,21.0,,S,0,0.1162660562243613
1240,2,"Giles, Mr. Ralph",male,24.0,0,0,248726,13.5,,S,0,0.11510537825129515
1036,1,"Lindeberg-Lind, Mr. Erik Gustaf (Mr Edward Lingrey"")""",male,42.0,0,0,17475,26.55,,S,0,0.11434057063354615
1083,1,"Salomon, Mr. Abraham L",male,,0,0,111163,26.0,,S,0,0.10988704358715508
1037,3,"Vander Planke, Mr. Julius",male,31.0,3,0,345763,18.0,,S,0,0.10877891640610954
1238,2,"Botsford, Mr. William Hull",male,26.0,0,0,237670,13.0,,S,0,0.1081401478335317
1097,1,"Omont, Mr. Alfred Fernand",male,,0,0,F.C. 12998,25.7417,,C,0,0.10727110852775869
939,3,"Shaughnessy, Mr. Patrick",male,,0,0,370374,7.75,,Q,0,0.10637478332653522
1041,2,"Lahtinen, Rev. William",male,30.0,1,1,250651,26.0,,S,0,0.10577035391744134
1032,3,"Goodwin, Miss. Jessie Allis",female,10.0,5,2,CA 2144,46.9,,S,0,0.10526276673083591
1169,2,"Faunthorpe, Mr. Harry",male,40.0,1,0,2926,26.0,,S,0,0.10460691837478861
1221,2,"Enander, Mr. Ingvar",male,21.0,0,0,236854,13.0,,S,0,0.10320279061801237
1281,3,"Palsson, Master. Paul Folke",male,6.0,3,1,349909,21.075,,S,0,0.10289987905789953
1156,2,"Portaluppi, Mr. Emilio Ilario Giuseppe",male,30.0,0,0,C.A. 34644,12.7375,,C,0,0.10156497081112918
1232,2,"Fillbrook, Mr. Joseph Charles",male,18.0,0,0,C.A. 15185,10.5,,S,0,0.09986585683470811
903,1,"Jones, Mr. Charles Cresson",male,46.0,0,0,694,26.0,,S,0,0.09935234609235916
1220,2,"Clarke, Mr. Charles Valentine",male,29.0,1,0,2003,26.0,,S,0,0.0991558489863553
1285,2,"Gilbert, Mr. William",male,47.0,0,0,C.A. 30769,10.5,,S,0,0.09881354294558486
1211,2,"Jefferys, Mr. Ernest Wilfred",male,22.0,2,0,C.A. 31029,31.5,,S,0,0.09613910505298853
974,1,"Case, Mr. Howard Brown",male,49.0,0,0,19924,26.0,,S,0,0.09550962228755397
1271,3,"Asplund, Master. Carl Edgar",male,5.0,4,2,347077,31.3875,,S,0,0.09369857620368623
1102,3,"Andersen, Mr. Albert Karvin",male,32.0,0,0,C 4001,22.525,,S,0,0.09313777448491792
1202,3,"Cacic, Mr. Jego Grga",male,18.0,0,0,315091,8.6625,,S,0,0.0921672677925113
1243,2,"Stokes, Mr. Philip Joseph",male,25.0,0,0,F.C.C. 13540,10.5,,S,0,0.09212450448709579
1079,3,"Davies, Mr. Joseph",male,17.0,2,0,A/4 48873,8.05,,S,0,0.09145139281579126
1161,3,"Pokrnic, Mr. Mate",male,17.0,0,0,315095,8.6625,,S,0,0.08929942959206325
1244,2,"Dibden, Mr. William",male,18.0,0,0,S.O.C. 14879,73.5,,S,0,0.08913268839414523
1170,2,"Ware, Mr. John James",male,30.0,1,0,CA 31352,21.0,,S,0,0.08793902465619508
1055,3,"Pearce, Mr. Ernest",male,,0,0,343271,7.0,,S,0,0.08791707222353451
1013,3,"Kiernan, Mr. John",male,,1,0,367227,7.75,,Q,0,0.08722761599553333
1158,1,"Chisholm, Mr. Roderick Robert Crispin",male,,0,0,112051,0.0,,S,0,0.08645184324041005
899,2,"Caldwell, Mr. Albert Francis",male,26.0,1,1,248738,29.0,,S,0,0.08410037791390851
1104,2,"Deacon, Mr. Percy William",male,17.0,0,0,S.O.C. 14879,73.5,,S,0,0.08386975248925564
937,3,"Peltomaki, Mr. Nikolai Johannes",male,25.0,0,0,STON/O 2. 3101291,7.925,,S,0,0.08336205884534492
1044,3,"Storey, Mr. Thomas",male,60.5,0,0,3701,,,S,0,0.08301200597645342
1305,3,"Spector, Mr. Woolf",male,,0,0,A.5. 3236,8.05,,S,0,0.08269942971064057
1308,3,"Ware, Mr. Frederick",male,,0,0,359309,8.05,,S,0,0.0826741544054542
1213,3,"Krekorian, Mr. Neshan",male,25.0,0,0,2654,7.2292,F E57,C,0,0.08208892535480757
895,3,"Wirz, Mr. Albert",male,27.0,0,0,315154,8.6625,,S,0,0.07937727299123844
1077,2,"Maybery, Mr. Frank Hubert",male,40.0,0,0,239059,16.0,,S,0,0.07861047209694359
1002,2,"Stanton, Mr. Samuel Ward",male,41.0,0,0,237734,15.0458,,C,0,0.07840214730335669
901,3,"Davies, Mr. John Samuel",male,21.0,2,0,A/4 48871,24.15,,S,0,0.07803141210369441
997,3,"Holthen, Mr. Johan Martin",male,28.0,0,0,C 4001,22.525,,S,0,0.07722196701687384
930,3,"Sap, Mr. Julius",male,25.0,0,0,345768,9.5,,S,0,0.07708341895085642
1286,3,"Kink-Heilmann, Mr. Anton",male,29.0,3,1,315153,22.025,,S,0,0.07649211263751378
1226,3,"Cor, Mr. Ivan",male,27.0,0,0,349229,7.8958,,S,0,0.0764389898481716
1121,2,"Hocking, Mr. Samuel James Metcalfe",male,36.0,0,0,242963,13.0,,S,0,0.07614556253943378
1288,3,"Colbert, Mr. Patrick",male,24.0,0,0,371109,7.25,,Q,0,0.07551034841526481
1209,2,"Rogers, Mr. Reginald Harry",male,19.0,0,0,28004,10.5,,S,0,0.07538056616890339
1143,3,"Abrahamsson, Mr. Abraham August Johannes",male,20.0,0,0,SOTON/O2 3101284,7.925,,S,0,0.07499189718956281
1210,3,"Jonsson, Mr. Nils Hilding",male,27.0,0,0,350408,7.8542,,S,0,0.0744830757421121
1129,3,"Baccos, Mr. Raffull",male,20.0,0,0,2679,7.225,,C,0,0.07235513903373726
1124,3,"Wiklund, Mr. Karl Johan",male,21.0,1,0,3101266,6.4958,,S,0,0.07200641028046095
1280,3,"Canavan, Mr. Patrick",male,21.0,0,0,364858,7.75,,Q,0,0.07137707043469707
1255,3,"Strilic, Mr. Ivan",male,27.0,0,0,315083,8.6625,,S,0,0.07116182645977134
994,3,"Foley, Mr. William",male,,0,0,365235,7.75,,Q,0,0.07105540989872257
1195,3,"Pokrnic, Mr. Tome",male,24.0,0,0,315092,8.6625,,S,0,0.07088436051363674
999,3,"Ryan, Mr. Edward",male,,0,0,383162,7.75,,Q,0,0.07029328767909968
1007,3,"Chronopoulos, Mr. Demetrios",male,18.0,1,0,2680,14.4542,,C,0,0.06996442814176448
1025,3,"Thomas, Mr. Charles P",male,,1,0,2621,6.4375,,C,0,0.06990974542914924
1081,2,"Veal, Mr. James",male,40.0,0,0,28221,13.0,,S,0,0.0692961892257996
927,3,"Katavelas, Mr. Vassilios (Catavelas Vassilios"")""",male,18.5,0,0,2682,7.2292,,C,0,0.06849900775211165
1056,2,"Peruschitz, Rev. Joseph Maria",male,41.0,0,0,237393,13.0,,S,0,0.06802649469724786
1187,3,"Angheloff, Mr. Minko",male,26.0,0,0,349202,7.8958,,S,0,0.06793981421417801
1020,2,"Bowenur, Mr. Solomon",male,42.0,0,0,211535,13.0,,S,0,0.0676066224897924
1273,3,"Foley, Mr. Joseph",male,26.0,0,0,330910,7.8792,,Q,0,0.06750606808521672
943,2,"Pulbaum, Mr. Franz",male,27.0,0,0,SC/PARIS 2168,15.0333,,C,0,0.0668689199309711
923,2,"Jefferys, Mr. Clifford Thomas",male,24.0,2,0,C.A. 31029,31.5,,S,0,0.0668360479957021
932,3,"Karun, Mr. Franz",male,39.0,0,1,349256,13.4167,,C,0,0.06652877411283076
1212,3,"Andersson, Mr. Johan Samuel",male,26.0,0,0,347075,7.775,,S,0,0.06630385783591686
954,3,"Bjorklund, Mr. Ernst Herbert",male,18.0,0,0,347090,7.75,,S,0,0.06618717423612122
1016,3,"Kennedy, Mr. John",male,,0,0,368783,7.75,,Q,0,0.06617290470339982
1127,3,"Vendel, Mr. Olof Edvin",male,20.0,0,0,350416,7.8542,,S,0,0.06329053565483486
1191,3,"Johansson, Mr. Nils",male,29.0,0,0,347467,7.8542,,S,0,0.06302802248939918
1234,3,"Sage, Mr. John George",male,,1,9,CA. 2343,69.55,,S,0,0.06212879751326418
1080,3,"Sage, Miss. Ada",female,,8,2,CA. 2343,69.55,,S,0,0.06181499412144509
1125,3,"Linehan, Mr. Michael",male,,0,0,330971,7.8792,,Q,0,0.06137489806773642
1072,2,"McCrie, Mr. James Matthew",male,30.0,0,0,233478,13.0,,S,0,0.06113509128521617
1075,3,"Lane, Mr. Patrick",male,,0,0,7935,7.75,,Q,0,0.061046372984569004
1152,3,"de Messemaeker, Mr. Guillaume Joseph",male,36.5,1,0,345572,17.4,,S,0,0.06089994968148399
993,2,"Weisz, Mr. Leopold",male,27.0,1,0,228414,26.0,,S,0,0.060587967364486614
1168,2,"Parker, Mr. Clifford Richard",male,28.0,0,0,SC 14888,10.5,,S,0,0.05987686232486093
1043,3,"Matinoff, Mr. Nicola",male,,0,0,349255,7.8958,,C,0,0.05883355841267325
1031,3,"Goodwin, Mr. Charles Frederick",male,40.0,1,6,CA 2144,46.9,,S,0,0.05813947161389783
909,3,"Assaf, Mr. Gerios",male,21.0,0,0,2692,7.225,,C,0,0.05811884159627387
1252,3,"Sage, Master. William Henry",male,14.5,8,2,CA. 2343,69.55,,S,0,0.05713776244368247
1230,2,"Denbury, Mr. Herbert",male,25.0,0,0,C.A. 31029,31.5,,S,0,0.05559573241001537
1064,3,"Dyker, Mr. Adolf Fredrik",male,23.0,1,0,347072,13.9,,S,0,0.055448860514031806
919,3,"Daher, Mr. Shedid",male,22.5,0,0,2698,7.225,,C,0,0.055228039085022655
1217,3,"Assam, Mr. Ali",male,23.0,0,0,SOTON/O.Q. 3101309,7.05,,S,0,0.05449237056795627
1063,3,"Zakarian, Mr. Ortin",male,27.0,0,0,2670,7.225,,C,0,0.05372350434672752
1295,1,"Carrau, Mr. Jose Pedro",male,17.0,0,0,113059,47.1,,S,0,0.053659516983936596
952,3,"Dika, Mr. Mirko",male,17.0,0,0,349232,7.8958,,S,0,0.053641472084134174
963,3,"Minkoff, Mr. Lazar",male,21.0,0,0,349211,7.8958,,S,0,0.05362636329559311
1145,3,"Salander, Mr. Karl Johan",male,24.0,0,0,7266,9.325,,S,0,0.05331383476357093
1153,3,"Nilsson, Mr. August Ferdinand",male,21.0,0,0,350410,7.8542,,S,0,0.05324776066246713
1148,3,"Mahon, Mr. John",male,,0,0,AQ/4 3130,7.75,,Q,0,0.05317311396026475
1291,3,"Conlon, Mr. Thomas Henry",male,31.0,0,0,21332,7.7333,,Q,0,0.05298043846017649
1120,3,"Everett, Mr. Thomas James",male,40.5,0,0,C.A. 6212,15.1,,S,0,0.052942856962452295
1151,3,"Midtsjo, Mr. Karl Albert",male,21.0,0,0,345501,7.775,,S,0,0.052728039986133415
1163,3,"Fox, Mr. Patrick",male,,0,0,368573,7.75,,Q,0,0.05263192610725995
1149,3,"Niklasson, Mr. Samuel",male,28.0,0,0,363611,8.05,,S,0,0.05207631270248561
1249,3,"Lockyer, Mr. Edward",male,,0,0,1222,7.8792,,S,0,0.05198353909883563
1028,3,"Zakarian, Mr. Mapriededer",male,26.5,0,0,2656,7.225,,C,0,0.05155400428400261
1035,2,"Beauchamp, Mr. Henry James",male,28.0,0,0,244358,26.0,,S,0,0.05131188944052857
995,3,"Johansson Palmquist, Mr. Oskar Leander",male,26.0,0,0,347070,7.775,,S,0,0.05110660721380629
1171,2,"Oxenham, Mr. Percy Thomas",male,22.0,0,0,W./C. 14260,10.5,,S,0,0.0507674593955928
989,3,"Makinen, Mr. Kalle Edvard",male,29.0,0,0,STON/O 2. 3101268,7.925,,S,0,0.05072836771938594
998,3,"Buckley, Mr. Daniel",male,21.0,0,0,330920,7.8208,,Q,0,0.04975665736637165
1146,3,"Wenzel, Mr. Linhart",male,32.5,0,0,345775,9.5,,S,0,0.04969721642820662
917,3,"Robins, Mr. Alexander A",male,50.0,1,0,A/5. 3337,14.5,,S,0,0.04938171276142881
1192,3,"Olsson, Mr. Oscar Wilhelm",male,32.0,0,0,347079,7.775,,S,0,0.04931306034548743
897,3,"Svensson, Mr. Johan Cervin",male,14.0,0,0,7538,9.225,,S,0,0.04929429190001157
1135,3,"Hyman, Mr. Abraham",male,,0,0,3470,7.8875,,S,0,0.04886264246781776
1157,3,"Lyntakoff, Mr. Stanko",male,,0,0,349235,7.8958,,S,0,0.04874042568848705
1250,3,"O'Keefe, Mr. Patrick",male,,0,0,368402,7.75,,Q,0,0.048712406083335685
1103,3,"Finoli, Mr. Luigi",male,,0,0,SOTON/O.Q. 3101308,7.05,,S,0,0.04827620092882855
1186,3,"Wittevrongel, Mr. Camille",male,36.0,0,0,345771,9.5,,S,0,0.048075040617588764
1272,3,"O'Connor, Mr. Patrick",male,,0,0,366713,7.75,,Q,0,0.0479160094820259
1178,3,"Franklin, Mr. Charles (Charles Fardon)",male,,0,0,SOTON/O.Q. 3101314,7.25,,S,0,0.04763548384927439
1111,3,"Thomson, Mr. Alexander Morrison",male,,0,0,32302,8.05,,S,0,0.04757670239185821
953,2,"McCrae, Mr. Arthur Gordon",male,32.0,0,0,237216,13.5,,S,0,0.0472902796094727
1147,3,"MacKay, Mr. George William",male,,0,0,C.A. 42795,7.55,,S,0,0.04728793428228275
1181,3,"Ford, Mr. Arthur",male,,0,0,A/5 1478,8.05,,S,0,0.047279029934572836
1008,3,"Thomas, Mr. John",male,,0,0,2681,6.4375,,C,0,0.047022342698621045
1203,3,"Vartanian, Mr. David",male,22.0,0,0,2658,7.225,,C,0,0.0469417187896339
1159,3,"Warren, Mr. Charles William",male,,0,0,C.A. 49867,7.55,,S,0,0.0468381842051498
1046,3,"Asplund, Master. Filip Oscar",male,13.0,4,2,347077,31.3875,,S,0,0.0466110256071576
1018,3,"Brobeck, Mr. Karl Rudolf",male,22.0,0,0,350045,7.7958,,S,0,0.0461651846025628
1278,3,"Aronsson, Mr. Ernst Axel Algot",male,24.0,0,0,349911,7.775,,S,0,0.0461472604858147
1290,3,"Larsson-Rondberg, Mr. Edvard A",male,22.0,0,0,347065,7.775,,S,0,0.04601745600429183
987,3,"Tenglin, Mr. Gunnar Isidor",male,25.0,0,0,350033,7.7958,,S,0,0.04579233859661975
1233,3,"Lundstrom, Mr. Thure Edvin",male,32.0,0,0,350403,7.5792,,S,0,0.045161329659919786
1101,3,"Delalic, Mr. Redjo",male,25.0,0,0,349250,7.8958,,S,0,0.04466751585723282
1039,3,"Davies, Mr. Evan",male,22.0,0,0,SC/A4 23568,8.05,,S,0,0.04443227540439956
1204,3,"Sadowitz, Mr. Harry",male,,0,0,LP 1588,7.575,,S,0,0.04414540750901189
1022,3,"Spinner, Mr. Henry John",male,32.0,0,0,STON/OQ. 369943,8.05,,S,0,0.04379093471653669
1113,3,"Reynolds, Mr. Harold J",male,21.0,0,0,342684,8.05,,S,0,0.043639050819091516
934,3,"Goldsmith, Mr. Nathan",male,41.0,0,0,SOTON/O.Q. 3101263,7.85,,S,0,0.04256574312381997
1021,3,"Petersen, Mr. Marius",male,24.0,0,0,342441,8.05,,S,0,0.04231025714620733
1115,3,"Karlsson, Mr. Einar Gervasius",male,21.0,0,0,350053,7.7958,,S,0,0.0422277698144294
1099,2,"Collett, Mr. Sidney C Stuart",male,24.0,0,0,28034,10.5,,S,0,0.04213041363788725
1000,3,"Willer, Mr. Aaron (Abi Weller"")""",male,,0,0,3410,8.7125,,S,0,0.042127587893944364
1118,3,"Asplund, Mr. Johan Charles",male,23.0,0,0,350054,7.7958,,S,0,0.04212282627433075
970,2,"Aldworth, Mr. Charles Augustus",male,30.0,0,0,248744,13.0,,S,0,0.04210363802000715
892,3,"Kelly, Mr. James",male,34.5,0,0,330911,7.8292,,Q,0,0.04209390848498755
1047,3,"Duquemin, Mr. Joseph",male,24.0,0,0,S.O./P.P. 752,7.55,,S,0,0.041682958044023805
1096,2,"Andrew, Mr. Frank Thomas",male,25.0,0,0,C.A. 34050,10.5,,S,0,0.04157444993248568
1015,3,"Carver, Mr. Alfred John",male,28.0,0,0,392095,7.25,,S,0,0.04129773725165835
948,3,"Cor, Mr. Bartol",male,35.0,0,0,349230,7.8958,,S,0,0.04100621437146978
1029,2,"Schmidt, Mr. August",male,26.0,0,0,248659,13.0,,S,0,0.04086002998170475
983,3,"Pedersen, Mr. Olaf",male,,0,0,345498,7.775,,S,0,0.040848931283373795
1062,3,"Lithman, Mr. Simon",male,,0,0,S.O./P.P. 251,7.55,,S,0,0.040832402084099856
1027,3,"Carlsson, Mr. Carl Robert",male,24.0,0,0,350409,7.8542,,S,0,0.040812295773277135
985,3,"Guest, Mr. Robert",male,,0,0,376563,8.05,,S,0,0.04016359959499747
1065,3,"Torfa, Mr. Assad",male,,0,0,2673,7.2292,,C,0,0.040112998027202494
1177,3,"Dennis, Mr. William",male,36.0,0,0,A/5 21175,7.25,,S,0,0.039803799089140994
1066,3,"Asplund, Mr. Carl Oscar Vilhelm Gustafsson",male,40.0,1,5,347077,31.3875,,S,0,0.039439106815637136
975,3,"Demetri, Mr. Marinko",male,,0,0,349238,7.8958,,S,0,0.03910207769637962
947,3,"Rice, Master. Albert",male,10.0,4,1,382652,29.125,,Q,0,0.03839487495440847
991,3,"Nancarrow, Mr. William Henry",male,33.0,0,0,A./5. 3338,8.05,,S,0,0.03834625354185508
1090,2,"Baimbrigge, Mr. Charles Robert",male,23.0,0,0,C.A. 31030,10.5,,S,0,0.038131037430995295
1087,3,"Karlsson, Mr. Julius Konrad Eugen",male,33.0,0,0,347465,7.8542,,S,0,0.036795599596601725
1166,3,"Saade, Mr. Jean Nassr",male,,0,0,2676,7.225,,C,0,0.03652094280236669
968,3,"Miles, Mr. Frank",male,,0,0,359306,8.05,,S,0,0.036245947305538026
1231,3,"Betros, Master. Seman",male,,0,0,2622,7.2292,,C,0,0.03607011262608933
1224,3,"Thomas, Mr. Tannous",male,,0,0,2684,7.225,,C,0,0.036029340988410714
1229,3,"Elias, Mr. Joseph",male,39.0,0,2,2675,7.2292,,C,0,0.035934833024126624
1026,3,"Dintcheff, Mr. Valtcho",male,43.0,0,0,349226,7.8958,,S,0,0.034333081234478494
902,3,"Ilieff, Mr. Ylio",male,,0,0,349220,7.8958,,S,0,0.03432822543959873
1184,3,"Nasr, Mr. Mustafa",male,,0,0,2652,7.2292,,C,0,0.034106732735505046
1307,3,"Saether, Mr. Simon Sivertsen",male,38.5,0,0,SOTON/O.Q. 3101262,7.25,,S,0,0.03263226219584215
